t,XYDATA
0,110
0.5,114
1,103
1.5,101
2,127
2.5,111
3,99
3.5,96
4,91
4.5,99
5,117
5.5,127
6,112
6.5,105
7,129
7.5,97
8,91
8.5,112
9,103
9.5,91
10,121
10.5,94
11,129
11.5,90
12,95
12.5,105
13,100
13.5,106
14,89
14.5,125
15,106
15.5,92
16,105
16.5,103
17,97
17.5,109
18,103
18.5,120
19,124
19.5,112
20,124
20.5,105
21,103
21.5,93
22,112
22.5,126
23,126
23.5,116
24,111
24.5,95
25,125
25.5,100
26,95
26.5,87
27,94
27.5,116
28,109
28.5,118
29,94
29.5,94
30,95
30.5,97
31,89
31.5,101
32,116
32.5,90
33,116
33.5,116
34,127
34.5,108
35,97
35.5,119
36,122
36.5,99
37,113
37.5,107
38,106
38.5,111
39,89
39.5,110
40,126
40.5,88
41,104
41.5,118
42,93
42.5,123
43,96
43.5,112
44,129
44.5,119
45,89
45.5,105
46,92
46.5,116
47,96
47.5,99
48,108
48.5,112
49,98
49.5,113
50,114
50.5,117
51,105
51.5,87
52,88
52.5,87
53,116
53.5,94
54,123
54.5,128
55,95
55.5,107
56,109
56.5,114
57,94
57.5,122
58,103
58.5,120
59,113
59.5,127
60,107
60.5,97
61,116
61.5,95
62,105
62.5,116
63,104
63.5,102
64,124
64.5,87
65,89
65.5,101
66,127
66.5,113
67,114
67.5,126
68,118
68.5,97
69,119
69.5,111
70,93
70.5,126
71,114
71.5,96
72,110
72.5,114
73,125
73.5,127
74,109
74.5,98
75,122
75.5,93
76,87
76.5,114
77,129
77.5,118
78,104
78.5,97
79,122
79.5,125
80,98
80.5,93
81,120
81.5,129
82,108
82.5,116
83,110
83.5,121
84,116
84.5,104
85,123
85.5,116
86,101
86.5,93
87,123
87.5,92
88,88
88.5,123
89,101
89.5,99
90,90
90.5,114
91,117
91.5,108
92,111
92.5,89
93,120
93.5,108
94,106
94.5,129
95,92
95.5,115
96,97
96.5,116
97,119
97.5,100
98,104
98.5,117
99,89
99.5,127
100,108
100.5,98
101,89
101.5,92
102,117
102.5,104
103,125
103.5,97
104,116
104.5,119
105,125
105.5,125
106,93
106.5,121
107,91
107.5,122
108,115
108.5,102
109,117
109.5,105
110,106
110.5,121
111,106
111.5,92
112,111
112.5,129
113,119
113.5,118
114,118
114.5,95
115,123
115.5,124
116,96
116.5,119
117,118
117.5,129
118,116
118.5,108
119,113
119.5,88
120,117
120.5,121
121,111
121.5,109
122,103
122.5,116
123,97
123.5,94
124,116
124.5,93
125,119
125.5,101
126,105
126.5,97
127,121
127.5,101
128,104
128.5,114
129,105
129.5,118
130,124
130.5,105
131,123
131.5,103
132,97
132.5,109
133,129
133.5,122
134,114
134.5,88
135,128
135.5,106
136,119
136.5,101.0029397
137,117.0117585
137.5,104.0264561
138,127.047032
138.5,123.0734852
139,96.10581471
139.5,108.1440191
140,90.18809687
140.5,97.23804614
141,111.2938649
141.5,125.3555507
142,108.4231012
142.5,99.49651345
143,116.5757845
143.5,116.660911
144,109.7518894
144.5,118.8487161
145,91.95138703
145.5,111.0598979
146,125.1742443
146.5,124.2944214
147,121.4204244
147.5,102.552248
148,104.6898868
148.5,103.8333351
149,114.9825871
149.5,100.1376365
150,99.29847702
150.5,91.46510206
151,120.6375047
151.5,95.81567801
152,110.9996145
152.5,100.1893068
153,117.384747
153.5,131.5859271
154,111.792839
154.5,120.0054741
155,108.2238237
155.5,104.447879
156,108.6776308
156.5,116.9130697
157,93.15418617
157.5,131.4009703
158,122.6534122
158.5,129.9115014
159,114.1752276
159.5,126.4445801
160,95.71954783
160.5,99.00011976
161,114.2862845
161.5,128.5780305
162,108.875346
162.5,106.178219
163,103.4866372
163.5,98.80058834
164,106.1200597
164.5,115.4450384
165,127.7755115
165.5,120.1114656
166,117.4528875
166.5,101.7997633
167,109.1520793
167.5,122.5098213
168,99.8729752
168.5,129.2415264
169,124.6154604
169.5,106.9947622
170,141.3794169
170.5,122.7694092
171,128.1647236
171.5,121.5653446
172,102.9712563
172.5,113.3824429
173,128.798888
173.5,139.2205754
174,118.6474884
174.5,115.0796105
175,112.5169246
175.5,133.9594138
176,143.4070608
176.5,129.859848
177,110.317758
177.5,135.780773
178,118.2488751
178.5,129.722046
179,144.2002677
179.5,135.6835215
180,109.171789
180.5,117.6650513
181,125.1632896
181.5,128.6664848
182,139.1746175
182.5,119.6876686
183,131.2056183
183.5,116.7284471
184,118.256135
184.5,155.7886621
185,133.3260083
185.5,145.8681533
186,132.4150766
186.5,130.9667577
187,130.5231759
187.5,138.0843104
188,151.6501402
188.5,138.2206442
189,152.7958011
189.5,144.3755896
190,129.9599882
190.5,153.5489753
191,161.1425292
191.5,131.7406279
192,130.3432495
192.5,142.9503719
193,156.5619729
193.5,143.1780301
194,147.7985211
194.5,166.4234233
195,150.0527141
195.5,142.6863707
196,157.3243702
196.5,152.9666896
197,142.6133058
197.5,166.2641957
198,171.9193359
198.5,153.5787031
199,131.2422738
199.5,169.9100245
200,152.5819314
200.5,148.2579708
201,163.9381189
201.5,164.6223518
202,174.3106455
202.5,167.0029759
203,137.6993188
203.5,157.3996499
204,166.103945
204.5,164.8121797
205,171.5243295
205.5,157.2403699
206,174.9602763
206.5,168.6840239
207,155.4115881
207.5,178.1429441
208,154.8780671
208.5,186.616932
209,148.359514
209.5,176.1057879
210,165.8557288
210.5,168.6093115
211,183.3665108
211.5,190.1273014
212,172.8916582
212.5,177.6595557
213,168.4309686
213.5,165.2058716
214,170.984239
214.5,163.7660456
215,182.5512657
215.5,165.3398738
216,179.1318442
216.5,181.9271515
217,185.72577
217.5,194.5276739
218,179.3328376
218.5,172.1412353
219,184.9528414
219.5,166.76763
220,191.5855754
220.5,171.4066517
221,202.2308332
221.5,189.0580941
222,184.8884084
222.5,194.7217504
223,175.5580942
223.5,171.3974138
224,172.2396836
224.5,173.0848775
225,180.9329697
225.5,172.7839343
226,202.6377455
226.5,194.4943774
227,190.3538041
227.5,178.2159997
228,197.0809384
228.5,177.9485944
229,198.8189417
229.5,210.6919547
230,204.5676074
230.5,189.4458741
231,194.326729
231.5,199.2101463
232,215.0961003
232.5,198.9845653
233,198.8755155
233.5,198.7689253
234,211.6647691
234.5,224.5630212
235,207.463656
235.5,221.3666479
236,220.2719714
236.5,210.1796011
237,215.0895113
237.5,221.0016768
238,211.916072
238.5,231.8326716
239,230.7514503
239.5,229.6723828
240,230.5954438
240.5,222.5206081
241,218.4478507
241.5,225.3771462
242,225.3084698
242.5,203.2417963
243,240.1771008
243.5,233.1143583
244,219.0535439
244.5,237.9946329
245,213.9376005
245.5,231.8824219
246,214.8290725
246.5,245.7775276
247,237.7277627
247.5,233.6797533
248,248.6334751
248.5,240.5889035
249,256.5460142
249.5,251.5047832
250,250.465186
250.5,245.4271987
251,258.3907971
251.5,224.3559573
252,233.3226553
252.5,228.2908673
253,259.2605694
253.5,242.2317381
254,246.2043495
254.5,239.1783802
255,252.1538066
255.5,236.1306053
256,238.108753
256.5,261.0882263
257,243.069002
257.5,235.0510571
258,263.0343685
258.5,247.0189131
259,270.0046682
259.5,239.9916108
260,275.9797183
260.5,236.968968
261,253.9593373
261.5,273.9508038
262,263.9433449
262.5,261.9369385
263,250.9315623
263.5,251.9271941
264,261.9238118
264.5,245.9213936
265,252.9199174
265.5,267.9193615
266,271.9197041
266.5,278.9209237
267,281.9229987
267.5,273.9259077
268,253.9296293
268.5,258.9341422
269,289.9394253
269.5,273.9454574
270,279.9522177
270.5,256.9596852
271,280.9678391
271.5,283.9766586
272,301.9861233
272.5,272.9962126
273,264.0069059
273.5,281.0181832
274,273.030024
274.5,286.0424083
275,295.055316
275.5,291.0687272
276,303.0826221
276.5,281.0969808
277,283.1117839
277.5,293.1270117
278,274.1426447
278.5,275.1586637
279,279.1750494
279.5,279.1917827
280,280.2088444
280.5,279.2262157
281,301.2438778
281.5,314.2618118
282,285.2799991
282.5,320.2984212
283,316.3170597
283.5,286.3358963
284,297.3549126
284.5,295.3740905
285,311.3934121
285.5,291.4128594
286,299.4324146
286.5,324.45206
287,328.4717779
287.5,299.4915509
288,297.5113614
288.5,297.5311923
289,309.5510264
289.5,334.5708464
290,307.5906355
290.5,310.6103767
291,308.6300532
291.5,338.6496485
292,304.6691458
292.5,328.6885287
293,311.7077809
293.5,309.7268861
294,313.745828
294.5,308.7645908
295,330.7831583
295.5,341.8015148
296,321.8196446
296.5,326.8375319
297,311.8551612
297.5,352.8725172
298,316.8895844
298.5,355.9063477
299,323.9227919
299.5,352.938902
300,340.9546631
300.5,353.9700605
301,339.9850793
301.5,337.999705
302,350.0139231
302.5,338.0277192
303,331.041079
303.5,343.0539883
304,335.0664331
304.5,333.0783993
305,366.0898731
305.5,357.1008407
306,333.1112884
306.5,348.1212027
307,350.13057
307.5,335.1393771
308,342.1476106
308.5,367.1552573
309,376.1623043
309.5,348.1687386
310,365.1745472
310.5,374.1797175
311,345.1842368
311.5,350.1880925
312,364.1912722
312.5,366.1937634
313,346.195554
313.5,355.1966318
314,375.1969847
314.5,347.1966008
315,355.1954681
315.5,366.1935751
316,385.1909099
316.5,388.187461
317,390.1832169
317.5,374.1781663
318,382.1722979
318.5,387.1656005
319,384.158063
319.5,377.1496745
320,390.1404241
320.5,392.1303009
321,386.1192943
321.5,376.1073937
322,393.0945885
322.5,367.0808684
323,376.0662231
323.5,388.0506422
324,381.0341158
324.5,369.0166336
325,392.9981859
325.5,385.9787628
326,390.9583544
326.5,405.9369512
327,400.9145435
327.5,383.8911219
328,378.866677
328.5,394.8411995
329,406.8146801
329.5,416.7871098
330,394.7584796
330.5,411.7287804
331,404.6980034
331.5,389.6661399
332,409.6331812
332.5,388.5991187
333,406.5639439
333.5,403.5276484
334,393.4902238
334.5,403.451662
335,406.4119548
335.5,424.371094
336,390.3290718
336.5,427.2858803
337,408.2415115
337.5,431.1959578
338,425.1492116
338.5,434.1012653
339,411.0521114
339.5,411.0017424
340,406.9501512
340.5,403.8973305
341,423.8432731
341.5,419.7879719
342,435.73142
342.5,417.6736105
343,405.6145365
343.5,436.5541912
344,433.4925681
344.5,429.4296606
345,428.365462
345.5,407.2999661
346,431.2331663
346.5,417.1650565
347,434.0956305
347.5,451.0248821
348,428.9528053
348.5,453.8793941
349,430.8046426
349.5,447.7285449
350,433.6510954
350.5,418.5722884
351,439.4921183
351.5,422.4105794
352,429.3276665
352.5,432.243374
353,427.1576967
353.5,454.0706294
354,432.9821668
354.5,442.892304
355,426.8010357
355.5,446.7083572
356,463.6142635
356.5,437.5187497
357,441.4218112
357.5,448.3234433
358,432.2236413
358.5,443.1224007
359,437.019717
359.5,472.9155859
360,455.8100028
360.5,437.7029637
361,442.5944643
361.5,441.4845003
362,449.3730678
362.5,443.2601627
363,457.145781
363.5,455.029919
364,458.9125726
364.5,467.7937382
365,469.6734121
365.5,451.5515906
366,481.4282701
366.5,472.3034471
367,451.1771182
367.5,482.0492799
368,458.919929
368.5,474.7890621
369,474.656676
369.5,461.5227675
370,454.3873336
370.5,475.2503712
371,484.1118773
371.5,470.971849
372,468.8302833
372.5,490.6871776
373,483.542529
373.5,459.3963347
374,495.2485923
374.5,475.099299
375,469.9484524
375.5,465.7960498
376,494.642089
376.5,486.4865675
377,487.3294829
377.5,488.1708331
378,467.0106158
378.5,484.8488288
379,503.6854699
379.5,467.5205372
380,490.3540286
380.5,488.1859422
381,488.0162759
381.5,501.845028
382,484.6721966
382.5,492.49778
383,489.3217764
383.5,501.1441842
384,503.9650017
384.5,494.7842273
385,490.6018595
385.5,507.4178969
386,502.232338
386.5,515.0451813
387,519.8564256
387.5,521.6660695
388,520.4741118
388.5,504.2805513
389,501.0853868
389.5,515.8886171
390,485.6902412
390.5,495.4902581
391,489.2886667
391.5,490.0854661
392,523.8806554
392.5,516.6742337
393,488.4662002
393.5,519.2565541
394,520.0452946
394.5,517.8324211
395,494.6179328
395.5,502.4018292
396,497.1841096
396.5,532.9647735
397,532.7438204
397.5,512.5212499
398,507.2970614
398.5,517.0712546
399,528.8438292
399.5,525.6147847
400,516.384121
400.5,522.1518378
401,513.9179348
401.5,543.6824119
402,510.445269
402.5,525.2065059
403,541.9661226
403.5,531.724119
404,508.4804951
404.5,526.235251
405,541.9883868
405.5,540.7399024
406,510.4897982
406.5,524.2380741
407,527.9847305
407.5,515.7297676
408,551.4731855
408.5,541.2149847
409,533.9551654
409.5,521.693728
410,544.4306729
410.5,515.1660005
411,554.8997112
411.5,552.6318055
412,533.362284
412.5,528.0911471
413,553.8183955
413.5,542.5440297
414,525.2680503
414.5,549.990458
415,533.7112535
415.5,544.4304375
416,558.1480107
416.5,529.8639739
417,540.5783278
417.5,541.2910733
418,535.0022113
418.5,556.7117425
419,559.4196679
419.5,545.1259884
420,548.830705
420.5,568.5338185
421,557.2353301
421.5,548.9352407
422,550.6335514
422.5,542.3302632
423,538.0253772
423.5,561.7188946
424,547.4108164
424.5,572.1011439
425,574.7898782
425.5,574.4770205
426,539.1625721
426.5,544.8465342
427,546.5289081
427.5,561.2096951
428,557.8888964
428.5,572.5665135
429,557.2425477
429.5,553.9170003
430,553.5898728
430.5,583.2611666
431,556.9308831
431.5,557.5990238
432,575.2655902
432.5,554.9305837
433,547.5940059
433.5,568.2558584
434,580.9161426
434.5,575.5748601
435,557.2320126
435.5,589.8876017
436,592.5416289
436.5,585.194096
437,585.8450045
437.5,570.4943563
438,579.1421529
438.5,577.7883961
439,579.4330876
439.5,578.0762292
440,592.7178226
440.5,582.3578697
441,571.9963721
441.5,597.6333318
442,565.2687506
442.5,586.9026302
443,579.5349726
443.5,589.1657797
444,590.7950532
444.5,594.4227952
445,568.0490075
445.5,569.6736921
446,572.296851
446.5,568.918486
447,564.5385991
447.5,574.1571924
448,572.7742679
448.5,595.3898275
449,568.0038733
449.5,603.6164073
450,596.2274316
450.5,572.8369483
451,589.4449594
451.5,604.0514669
452,611.6564731
452.5,602.25998
453,609.8619898
453.5,611.4625045
454,574.0615264
454.5,579.6590576
455,594.2551002
455.5,580.8496565
456,600.4427286
456.5,594.0343187
457,586.6244291
457.5,602.213062
458,589.8002196
458.5,603.3859041
459,586.9701178
459.5,590.552863
460,622.1341419
460.5,590.7139569
461,619.2923101
461.5,591.869204
462,587.4446408
462.5,606.0186228
463,600.5911523
463.5,596.1622318
464,615.7318635
464.5,594.3000497
465,600.8667929
465.5,616.4320955
466,600.9959597
466.5,595.558388
467,614.1193827
467.5,620.6789463
468,606.2370812
468.5,596.7937898
469,625.3490744
469.5,605.9029376
470,608.4553817
470.5,633.0064092
471,631.5560226
471.5,612.1042242
472,632.6510166
472.5,615.1964022
473,606.7403835
473.5,604.282963
474,596.8241431
474.5,597.3639264
475,615.9023153
475.5,630.4393123
476,608.97492
476.5,602.5091408
477,605.0419773
477.5,618.573432
478,624.1035074
478.5,632.6322061
479,606.1595305
479.5,637.6854832
480,630.2100668
480.5,622.7332839
481,631.2551368
481.5,634.7756284
482,620.294761
482.5,606.8125372
483,622.3289597
483.5,624.844031
484,647.3577537
484.5,620.8701303
485,629.3811635
485.5,631.8908558
486,635.3992098
486.5,649.9062281
487,622.4119134
487.5,643.9162681
488,614.419295
488.5,648.9209966
489,634.4213756
489.5,653.9204345
490,635.418176
490.5,639.9146026
491,634.409717
491.5,624.9035219
492,640.3960198
492.5,650.8872134
493,649.3771053
493.5,627.8656982
494,631.3529946
494.5,649.8389972
495,647.3237087
495.5,645.8071316
496,627.2892687
496.5,625.7701225
497,658.2496957
497.5,639.727991
498,652.2050109
498.5,650.6807582
499,631.1552355
499.5,653.6284455
500,647.1003907
500.5,635.5710738
501,658.0404976
501.5,647.5086646
502,665.9755775
502.5,661.441239
503,645.9056517
503.5,643.3688182
504,651.8307413
504.5,649.2914235
505,634.7508676
505.5,629.2090762
506,659.6660519
506.5,657.1217975
507,652.5763155
507.5,643.0296086
508,671.4816795
508.5,660.9325309
509,668.3821653
509.5,630.8305855
510,672.2777942
510.5,664.7237939
511,640.1685873
511.5,663.6121771
512,633.0545659
512.5,645.4957565
513,661.9357514
513.5,656.3745532
514,672.8121648
514.5,638.2485886
515,653.6838274
515.5,674.1178839
516,658.5507605
516.5,668.9824601
517,641.4129852
517.5,678.8423386
518,675.2705227
518.5,656.6975404
519,676.1233942
519.5,651.5480868
520,680.9716208
520.5,658.3939988
521,649.8152236
521.5,661.2352977
522,678.6542237
522.5,681.0720043
523,664.4886422
523.5,653.9041399
524,674.3185001
524.5,653.7317254
525,655.1438184
525.5,668.5547818
526,674.9646182
526.5,666.3733302
527,664.7809204
527.5,684.1873914
528,659.5927459
528.5,665.9969864
529,665.4001156
529.5,685.8021361
530,658.2030504
530.5,651.6028612
531,689.0015711
531.5,686.3991827
532,682.7956985
532.5,668.1911212
533,657.5854534
533.5,651.9786976
534,692.3708564
534.5,692.7619324
535,653.1519283
535.5,684.5408465
536,679.9286896
536.5,692.3154603
537,689.7011611
537.5,663.0857945
538,684.4693631
538.5,691.8518696
539,692.2333163
539.5,662.613706
540,687.9930411
540.5,667.3713243
541,678.748558
541.5,695.1247447
542,657.4998872
542.5,677.8739878
543,674.2470491
543.5,665.6190737
544,659.990064
544.5,678.3600227
545,667.7289522
545.5,662.096855
546,677.4637337
546.5,698.8295908
547,701.1944288
547.5,701.5582502
548,699.9210574
548.5,701.2828531
549,682.6436397
549.5,663.0034197
550,665.3621956
550.5,678.7199698
551,698.0767449
551.5,674.4325234
552,693.7873076
552.5,668.1411002
553,699.4939035
553.5,684.8457201
554,671.1965523
554.5,701.5464027
555,678.8952737
555.5,696.2431678
556,677.5900873
556.5,704.9360349
557,706.2810128
557.5,707.6250236
558,707.9680696
558.5,689.3101533
559,703.6512772
559.5,690.9914436
560,693.330655
560.5,673.6689138
561,708.0062223
561.5,682.3425831
562,674.6779985
562.5,711.0124708
563,703.3460026
563.5,681.6785962
564,680.010254
564.5,704.3409783
565,687.6707716
565.5,679.9996363
566,687.3275746
566.5,687.654589
567,700.9806818
567.5,682.3058555
568,689.6301123
568.5,693.9534546
569,679.2758847
569.5,695.5974051
570,702.918018
570.5,681.2377258
571,709.5565308
571.5,688.8744353
572,685.1914417
572.5,715.5075523
573,716.8227694
573.5,691.1370953
574,704.4505323
574.5,686.7630828
575,684.074749
575.5,715.3855332
576,705.6954378
576.5,717.0044649
577,685.3126169
577.5,705.6198961
578,714.9263048
578.5,703.2318451
579,721.5365194
579.5,694.84033
580,703.1432791
580.5,712.4453689
581,692.7466017
581.5,703.0469798
582,708.3465053
582.5,699.6451806
583,707.9430078
583.5,707.2399893
584,705.5361271
584.5,690.8314235
585,707.1258808
585.5,687.4195012
586,727.7122868
586.5,703.0042399
587,725.2953627
587.5,721.5856573
588,714.8751259
588.5,727.1637708
589,710.4515941
589.5,704.7385979
590,703.0247846
590.5,695.3101561
591,711.5947148
591.5,718.8784627
592,699.161402
592.5,717.4435348
593,705.7248634
593.5,713.0053898
594,719.2851161
594.5,698.5640446
595,732.8421773
595.5,719.1195164
596,728.396064
596.5,709.6718221
597,715.946793
597.5,703.2209786
598,732.4943812
598.5,711.7670028
599,700.0388455
599.5,718.3099114
600,725.5802026
600.5,714.8497211
601,703.1184691
601.5,721.3864485
602,735.6536616
602.5,716.9201102
603,734.1857966
603.5,727.4507227
604,708.7148906
604.5,720.9783023
605,717.2409599
605.5,700.5028654
606,698.7640208
606.5,699.0244283
607,712.2840897
607.5,725.5430071
608,700.8011825
608.5,737.058618
609,707.3153155
609.5,721.571277
610,709.8265046
610.5,722.0810002
611,710.3347658
611.5,740.5878034
612,734.840115
612.5,714.0917025
613,709.3425679
613.5,739.5927132
614,729.8421403
614.5,709.0908512
615,710.3388479
615.5,738.5861323
616,737.8327063
616.5,715.0785719
617,743.3237309
617.5,706.5681855
618,704.8119373
618.5,745.0549885
619,721.2973409
619.5,730.5389963
620,725.7799568
620.5,741.0202243
621,745.2598005
621.5,720.4986874
622,723.736887
622.5,719.974401
623,748.2112315
623.5,719.4473801
624,731.6828489
624.5,728.9176397
625,708.1517543
625.5,745.3851947
626,707.6179626
626.5,744.8500599
627,750.0814885
627.5,713.3122502
628,726.5423468
628.5,716.7717803
629,712.0005523
629.5,709.2286647
630,744.4561195
630.5,744.6829182
631,728.9090629
631.5,737.1345553
632,731.3593971
632.5,741.5835902
633,713.8071364
633.5,727.0300375
634,718.2522953
634.5,753.4739115
635,751.6948879
635.5,745.9152263
636,749.1349284
636.5,728.3539961
637,713.5724311
637.5,713.7902351
638,748.0074099
638.5,728.2239573
639,730.4398789
639.5,754.6551766
640,726.869852
640.5,750.0839069
641,750.297343
641.5,739.510162
642,754.7223658
642.5,724.9339558
643,729.144934
643.5,727.3553019
644,755.5650614
644.5,736.774214
645,754.9827614
645.5,719.1907055
646,753.3980478
646.5,758.60479
647,732.8109338
647.5,732.0164809
648,754.2214329
648.5,754.4257916
649,733.6295585
649.5,741.8327353
650,737.0353237
650.5,760.2373253
651,729.4387418
651.5,755.6395748
652,725.8398259
652.5,737.0394968
653,753.2385891
653.5,753.4371044
654,752.6350443
654.5,754.8324105
655,731.0292045
655.5,738.225428
656,734.4210826
656.5,720.6161698
657,733.8106913
657.5,726.0046486
658,742.1980434
658.5,721.3908772
659,759.5831516
659.5,721.7748681
660,721.9660284
660.5,723.156634
661,747.3466864
661.5,723.5361873
662,761.7251381
662.5,748.9135405
663,739.101396
663.5,753.288706
664,751.4754723
664.5,765.6616962
665,724.8473793
665.5,766.0325232
666,732.2171293
666.5,731.4011992
667,758.5847344
667.5,734.7677365
668,758.9502068
668.5,753.132147
669,751.3135585
669.5,729.4944428
670,731.6748014
670.5,725.8546357
671,727.0339474
671.5,735.2127378
672,754.3910085
672.5,733.5687608
673,727.7459964
673.5,728.9227165
674,767.0989228
674.5,760.2746166
675,757.4497994
675.5,753.6244726
676,732.7986378
676.5,730.9722963
677,765.1454496
677.5,728.3180991
678,729.4902462
678.5,755.6618924
679,735.8330391
679.5,737.0036877
680,762.1738396
680.5,732.3434963
681,769.5126591
681.5,752.6813294
682,745.8495087
682.5,770.0171984
683,763.1843997
683.5,759.3511142
684,763.5173433
684.5,766.6830882
685,761.8483504
685.5,737.0131312
686,755.1774321
686.5,771.3412543
687,771.5045993
687.5,751.6674684
688,754.829863
688.5,740.9917844
689,766.1532339
689.5,763.314213
690,734.4747229
690.5,768.6347651
691,757.7943407
691.5,745.9534512
692,743.1120979
692.5,734.2702822
693,743.4280052
693.5,765.5852684
694,748.7420731
694.5,760.8984205
695,775.054312
695.5,739.209749
696,774.3647325
696.5,754.5192641
697,749.673345
697.5,735.8269764
698,753.9801596
698.5,766.132896
699,771.2851868
699.5,740.4370333
700,770.5884367
700.5,773.7393984
701,753.8899195
701.5,768.0400015
702,750.1896454
702.5,774.3388525
703,753.4876242
703.5,770.6359617
704,749.7838662
704.5,750.9313389
705,747.0783811
705.5,771.224994
706,769.3711789
706.5,740.516937
707,741.6622694
707.5,742.8071775
708,778.9516625
708.5,744.0957255
709,742.2393678
709.5,769.3825905
710,767.525395
710.5,773.6677823
711,759.8097537
711.5,742.9513104
712,774.0924536
712.5,756.2331844
713,762.373504
713.5,752.5134137
714,775.6529146
714.5,744.7920079
715,743.9306947
715.5,760.0689763
716,761.2068537
716.5,743.3443282
717,765.4814009
717.5,775.6180729
718,754.7543455
718.5,750.8902197
719,747.0256968
719.5,769.1607778
720,775.2954639
720.5,782.4297563
721,755.563656
721.5,779.6971642
722,763.8302821
722.5,769.9630107
723,747.0953512
723.5,775.2273047
724,770.3588723
724.5,761.4900551
725,752.6208542
725.5,776.7512708
726,777.8813059
726.5,767.0109607
727,776.1402362
727.5,746.2691336
728,760.3976538
728.5,756.5257981
729,784.6535675
729.5,769.7809631
730,743.9079859
730.5,783.0346371
731,769.1609176
731.5,754.2868287
732,752.4123713
732.5,766.5375465
733,777.6623554
733.5,759.786799
734,756.9108784
734.5,769.0345946
735,782.1579487
735.5,753.2809418
736,783.4035748
736.5,752.5258489
737,764.647765
737.5,782.7693242
738,779.8905275
738.5,772.011376
739,769.1318707
739.5,762.2520125
740,780.3718026
740.5,780.491242
741,776.6103316
741.5,770.7290724
742,785.8474656
742.5,785.965512
743,787.0832127
743.5,754.2005687
744,748.317581
744.5,766.4342506
745,759.5505784
745.5,767.6665656
746,778.7822129
746.5,759.8975215
747,752.0124924
747.5,768.1271264
748,773.2414246
748.5,765.3553879
749,786.4690174
749.5,787.582314
750,771.6952786
750.5,780.8079122
751,756.9202158
751.5,768.0321903
752,788.1438367
752.5,789.2551559
753,765.3661489
753.5,756.4768166
754,784.5871601
754.5,762.6971801
755,753.8068777
755.5,767.9162538
756,790.0253093
756.5,752.1340451
757,750.2424622
757.5,770.3505616
758,750.458344
758.5,772.5658105
759,760.672962
759.5,791.7797994
760,779.8863235
760.5,786.9925354
761,788.0984358
761.5,758.2040258
762,763.3093062
762.5,757.4142779
763,783.5189418
763.5,763.6232988
764,768.7273498
764.5,756.8310957
765,788.9345374
765.5,771.0376757
766,775.1405116
766.5,784.2430459
767,779.3452794
767.5,775.4472132
768,760.548848
768.5,791.6501847
769,787.7512242
769.5,776.8519673
770,768.9524149
770.5,788.0525679
771,780.1524271
771.5,754.2519934
772,780.3512676
772.5,757.4502506
773,762.5489432
773.5,771.6473463
774,759.7454607
774.5,780.8432872
775,758.9408268
775.5,757.0380802
776,768.1350482
776.5,779.2317317
777,764.3281315
777.5,758.4242485
778,792.5200834
778.5,774.6156371
779,792.7109105
779.5,763.8059042
780,759.9006192
780.5,755.9950563
781,794.0892162
781.5,794.1830998
782,779.2767078
782.5,762.3700411
783,786.4631005
783.5,784.5558868
784,763.6484007
784.5,781.7406431
785,788.8326148
785.5,778.9243165
786,766.015749
786.5,775.1069131
787,763.1978097
787.5,768.2884394
788,766.3788031
788.5,768.4689015
789,762.5587354
789.5,761.6483056
790,762.7376128
790.5,762.8266578
791,765.9154414
791.5,795.0039644
792,769.0922274
792.5,797.1802313
793,797.2679769
793.5,788.3554647
794,763.4426958
794.5,769.5296706
795,786.6163901
795.5,763.702855
796,773.7890659
796.5,763.8750237
797,764.9607291
797.5,793.0461828
798,769.1313855
798.5,774.2163381
799,763.3010411
799.5,800.3854954
800,766.4697017
800.5,789.5536607
801,792.6373731
801.5,781.7208396
802,794.804061
802.5,767.8870379
803,783.9697712
803.5,772.0522614
804,774.1345093
804.5,787.2165157
805,788.2982812
805.5,799.3798065
806,771.4610923
806.5,766.5421394
807,778.6229483
807.5,783.7035199
808,801.7838548
808.5,765.8639537
809,780.9438173
809.5,765.0234463
810,762.1028413
810.5,770.1820031
811,762.2609323
811.5,778.3396297
812,773.4180958
812.5,767.4963314
813,783.5743371
813.5,765.6521136
814,787.7296616
814.5,784.8069818
815,783.8840748
815.5,786.9609412
816,791.0375818
816.5,795.1139972
817,773.1901881
817.5,784.266155
818,765.3418988
818.5,782.4174199
819,781.4927192
819.5,782.5677971
820,795.6426545
820.5,779.7172918
821,780.7917098
821.5,769.8659091
822,802.9398904
822.5,798.0136542
823,798.0872013
823.5,790.1605321
824,775.2336475
824.5,791.306548
825,788.3792342
825.5,785.4517068
826,773.5239664
826.5,768.5960136
827,793.667849
827.5,779.7394733
828,775.8108871
828.5,803.882091
829,770.9530855
829.5,780.0238714
830,802.0944492
830.5,772.1648196
831,763.2349831
831.5,773.3049403
832,774.3746919
832.5,787.4442385
833,782.5135806
833.5,803.5827189
834,793.6516539
834.5,791.7203863
835,802.7889166
835.5,766.8572454
836,800.9253734
836.5,789.993301
837,788.061029
837.5,803.1285579
838,795.1958882
838.5,789.2630206
839,802.3299556
839.5,777.3966938
840,805.4632357
840.5,783.5295821
841,771.5957333
841.5,777.6616901
842,783.7274529
842.5,787.7930224
843,776.8583991
843.5,767.9235835
844,801.9885763
844.5,776.053378
845,786.1179891
845.5,766.1824102
846,801.2466419
846.5,806.3106848
847,792.3745393
847.5,770.438206
848,773.5016855
848.5,796.5649784
849,785.6280851
849.5,786.6910062
850,788.7537423
850.5,766.8162939
851,802.8786616
851.5,789.9408458
852,808.0028472
852.5,790.0646662
853,783.1263035
853.5,805.1877594
854,792.2490346
854.5,792.3101297
855,766.371045
855.5,797.4317811
856,781.4923387
856.5,805.5527181
857,781.61292
857.5,784.6729447
858,775.732793
858.5,774.7924652
859,778.8519619
859.5,802.9112836
860,793.9704308
860.5,790.0294041
861,804.0882039
861.5,793.1468307
862,793.2052851
862.5,784.2635675
863,796.3216786
863.5,772.3796187
864,789.4373883
864.5,768.494988
865,783.5524183
865.5,809.6096797
866,769.6667726
866.5,774.7236976
867,781.7804551
867.5,808.8370456
868,770.8934697
868.5,786.9497278
869,803.0058204
869.5,783.061748
870,775.1175111
870.5,793.1731101
871,779.2285456
871.5,769.283818
872,796.3389277
872.5,781.3938754
873,808.4486614
873.5,781.5032862
874,797.5577503
874.5,778.6120542
875,808.6661983
875.5,800.7201831
876,804.7740091
876.5,774.8276767
877,782.8811865
877.5,770.9345388
878,774.9877341
878.5,809.0407729
879,800.0936557
879.5,790.1463829
880,799.1989549
880.5,802.2513723
881,788.3036355
881.5,769.3557448
882,787.4077009
882.5,794.4595041
883,789.5111548
883.5,783.5626536
884,779.6140008
884.5,791.665197
885,788.7162425
885.5,792.7671379
886,807.8178834
886.5,784.8684797
887,783.918927
887.5,797.969226
888,793.0193769
888.5,799.0693802
889,789.1192365
889.5,776.168946
890,802.2185092
890.5,789.2679266
891,786.3171985
891.5,802.3663255
892,801.4153079
892.5,798.4641462
893,773.5128407
893.5,809.561392
894,810.6098004
894.5,804.6580663
895,791.7061902
895.5,787.7541724
896,809.8020135
896.5,799.8497138
897,776.8972737
897.5,786.9446936
898,791.991974
898.5,788.0391152
899,780.0861178
899.5,790.1329819
900,777.1797082
900.5,806.226297
901,788.2727486
901.5,798.3190635
902,786.3652422
902.5,803.4112849
903,794.4571921
903.5,811.5029642
904,799.5486016
904.5,771.5941047
905,805.6394738
905.5,792.6847094
906,785.7298119
906.5,788.7747817
907,793.8196191
907.5,800.8643245
908,772.9088984
908.5,792.953341
909,806.9976529
909.5,795.0418343
910,796.0858857
910.5,799.1298075
911,808.1735999
911.5,775.2172635
912,798.2607985
912.5,790.3042055
913,798.3474846
913.5,772.3906364
914,781.4336611
914.5,784.4765592
915,814.5193311
915.5,810.561977
916,798.6044975
916.5,808.6468927
917,811.6891632
917.5,792.7313093
918,787.7733313
918.5,795.8152296
919,803.8570046
919.5,793.8986566
920,772.940186
920.5,805.9815931
921,790.0228784
921.5,812.0640422
922,783.1050848
922.5,801.1460065
923,780.1868078
923.5,785.227489
924,804.2680505
924.5,800.3084925
925,796.3488156
925.5,805.3890199
926,783.4291058
926.5,810.4690738
927,800.5089241
927.5,795.5486571
928,786.5882731
928.5,793.6277725
929,788.6671556
929.5,811.7064228
930,779.7455744
930.5,785.7846108
931,781.8235322
931.5,779.8623391
932,781.9010317
932.5,776.9396104
933,810.9780755
933.5,804.0164274
934,805.0546664
934.5,804.0927928
935,796.130807
935.5,787.1687093
936,792.2065
936.5,804.2441794
937,793.2817479
937.5,788.3192058
938,802.3565535
938.5,776.3937911
939,795.4309192
939.5,780.4679379
940,807.5048477
940.5,775.5416488
941,783.5783416
941.5,776.6149263
942,798.6514033
942.5,781.687773
943,778.7240355
943.5,781.7601913
944,795.7962407
944.5,775.8321839
945,808.8680213
945.5,812.9037532
946,794.9393799
946.5,797.9749017
947,784.0103189
947.5,782.0456318
948,795.0808408
948.5,795.1159461
949,790.1509481
949.5,806.185847
950,786.2206431
950.5,790.2553368
951,805.2899284
951.5,797.3244181
952,794.3588063
952.5,776.3930932
953,780.4272791
953.5,801.4613645
954,780.4953494
954.5,786.5292343
955,790.5630194
955.5,799.5967051
956,805.6302916
956.5,775.6637791
957,793.6971681
957.5,781.7304588
958,801.7636515
958.5,814.7967464
959,797.8297439
959.5,807.8626442
960,785.8954476
960.5,786.9281545
961,802.9607651
961.5,817.9932796
962,780.0256984
962.5,785.0580218
963,812.09025
963.5,813.1223832
964,782.1544219
964.5,783.1863662
965,803.2182165
965.5,812.249973
966,778.281636
966.5,793.3132057
967,799.3446825
967.5,789.3760666
968,810.4073583
968.5,781.4385579
969,811.4696656
969.5,811.5006817
970,810.5316065
970.5,792.5624402
971,812.5931831
971.5,776.6238355
972,808.6543976
972.5,818.6848697
973,805.7152522
973.5,807.7455451
974,785.7757489
974.5,801.8058637
975,786.8358898
975.5,797.8658275
976,792.8956771
976.5,806.9254387
977,791.9551128
977.5,816.9846994
978,806.0141989
978.5,791.0436116
979,788.0729376
979.5,781.1021773
980,787.1313309
980.5,799.1603986
981,778.1893808
981.5,798.2182776
982,809.2470893
982.5,780.2758162
983,808.3044584
983.5,815.3330164
984,786.3614902
984.5,792.3898802
985,819.4181866
985.5,785.4464096
986,819.4745495
986.5,804.5026066
987,804.530581
987.5,781.558473
988,781.586283
988.5,813.614011
989,810.6416573
989.5,779.6692223
990,802.6967061
990.5,807.7241089
991,791.7514311
991.5,816.7786728
992,786.8058342
992.5,800.8329157
993,805.8599174
993.5,808.8868397
994,819.9136826
994.5,791.9404465
995,804.9671315
995.5,790.993738
996,799.0202662
996.5,805.0467162
997,790.0730883
997.5,788.0993827
998,809.1255997
998.5,798.1517396
999,780.1778024
999.5,790.2037885
1000,800.229698
1000.5,809.2555313
1001,781.2812884
1001.5,787.3069698
1002,790.3325754
1002.5,815.3581057
1003,788.3835608
1003.5,804.4089409
1004,793.4342463
1004.5,798.4594772
1005,815.4846338
1005.5,808.5097162
1006,809.5347248
1006.5,797.5596598
1007,812.5845213
1007.5,812.6093096
1008,783.6340249
1008.5,784.6586674
1009,815.6832374
1009.5,802.707735
1010,810.7321604
1010.5,803.7565139
1011,799.7807957
1011.5,810.805006
1012,818.8291449
1012.5,798.8532128
1013,818.8772098
1013.5,790.9011362
1014,787.924992
1014.5,813.9487776
1015,799.9724932
1015.5,803.9961389
1016,804.019715
1016.5,812.0432216
1017,785.066659
1017.5,814.0900274
1018,780.113327
1018.5,796.1365579
1019,781.1597204
1019.5,785.1828148
1020,787.2058411
1020.5,805.2287995
1021,813.2516904
1021.5,816.2745138
1022,810.2972701
1022.5,813.3199593
1023,794.3425817
1023.5,788.3651374
1024,814.3876268
1024.5,809.4100499
1025,807.4324069
1025.5,819.4546981
1026,809.4769237
1026.5,780.4990838
1027,806.5211786
1027.5,816.5432084
1028,818.5651733
1028.5,814.5870735
1029,805.6089092
1029.5,795.6306805
1030,800.6523878
1030.5,800.6740311
1031,801.6956107
1031.5,797.7171267
1032,784.7385794
1032.5,801.7599689
1033,785.7812954
1033.5,812.802559
1034,784.8237601
1034.5,811.8448987
1035,818.865975
1035.5,813.8869893
1036,808.9079417
1036.5,806.9288323
1037,808.9496615
1037.5,820.9704293
1038,785.9911359
1038.5,811.0117815
1039,790.0323664
1039.5,822.0528906
1040,783.0733543
1040.5,798.0937578
1041,809.1141012
1041.5,806.1343847
1042,786.1546084
1042.5,810.1747726
1043,815.1948773
1043.5,784.2149229
1044,800.2349094
1044.5,799.2548371
1045,812.2747061
1045.5,801.2945165
1046,822.3142686
1046.5,821.3339625
1047,782.3535984
1047.5,804.3731765
1048,782.3926969
1048.5,802.4121599
1049,785.4315655
1049.5,817.4509139
1050,792.4702054
1050.5,780.48944
1051,793.508618
1051.5,799.5277395
1052,818.5468047
1052.5,793.5658137
1053,801.5847667
1053.5,812.603664
1054,785.6225055
1054.5,796.6412916
1055,785.6600223
1055.5,799.6786979
1056,785.6973184
1056.5,802.7158841
1057,790.7343952
1057.5,816.7528517
1058,794.7712538
1058.5,801.7896018
1059,780.8078957
1059.5,821.8261357
1060,782.844322
1060.5,796.8624547
1061,812.880534
1061.5,794.8985601
1062,800.9165331
1062.5,785.9344531
1063,813.9523204
1063.5,814.970135
1064,814.9878972
1064.5,822.005607
1065,789.0232647
1065.5,799.0408704
1066,807.0584242
1066.5,791.0759263
1067,809.0933769
1067.5,812.110776
1068,783.1281239
1068.5,784.1454208
1069,800.1626666
1069.5,808.1798617
1070,804.1970061
1070.5,784.2141001
1071,790.2311437
1071.5,791.248137
1072,810.2650804
1072.5,799.2819738
1073,800.2988174
1073.5,788.3156115
1074,801.3323561
1074.5,800.3490513
1075,797.3656974
1075.5,818.3822945
1076,785.3988427
1076.5,781.4153421
1077,818.4317929
1077.5,781.4481953
1078,783.4645494
1078.5,797.4808553
1079,782.4971131
1079.5,819.5133231
1080,787.5294853
1080.5,789.5456
1081,781.5616671
1081.5,819.577687
1082,795.5936596
1082.5,781.6095852
1083,800.6254639
1083.5,807.6412958
1084,786.6570811
1084.5,789.6728199
1085,797.6885124
1085.5,785.7041586
1086,793.7197587
1086.5,785.7353129
1087,817.7508212
1087.5,809.7662839
1088,822.7817011
1088.5,822.7970728
1089,820.8123992
1089.5,782.8276805
1090,814.8429168
1090.5,788.8581082
1091,802.8732549
1091.5,817.888357
1092,791.9034145
1092.5,814.9184277
1093,823.9333967
1093.5,810.9483216
1094,784.9632026
1094.5,786.9780397
1095,811.9928331
1095.5,808.0075829
1096,824.0222893
1096.5,786.0369524
1097,815.0515723
1097.5,789.0661491
1098,800.0806829
1098.5,823.095174
1099,809.1096224
1099.5,787.1240282
1100,807.1383916
1100.5,792.1527127
1101,799.1669916
1101.5,782.1812284
1102,824.1954233
1102.5,813.2095764
1103,802.2236878
1103.5,799.2377576
1104,824.251786
1104.5,793.2657731
1105,798.279719
1105.5,797.2936238
1106,790.3074876
1106.5,800.3213106
1107,811.3350929
1107.5,794.3488346
1108,819.3625358
1108.5,807.3761966
1109,821.3898172
1109.5,799.4033977
1110,810.4169382
1110.5,813.4304388
1111,788.4438996
1111.5,798.4573208
1112,823.4707025
1112.5,794.4840447
1113,818.4973477
1113.5,792.5106114
1114,808.5238361
1114.5,822.5370218
1115,819.5501687
1115.5,803.5632768
1116,813.5763464
1116.5,795.5893774
1117,808.6023701
1117.5,802.6153245
1118,784.6282407
1118.5,803.6411189
1119,821.6539592
1119.5,813.6667616
1120,811.6795263
1120.5,798.6922535
1121,800.7049431
1121.5,790.7175953
1122,797.7302103
1122.5,793.7427882
1123,817.7553289
1123.5,784.7678328
1124,787.7802998
1124.5,813.7927301
1125,791.8051237
1125.5,810.8174809
1126,802.8298016
1126.5,789.8420861
1127,810.8543344
1127.5,797.8665466
1128,789.8787228
1128.5,790.8908632
1129,795.9029678
1129.5,784.9150367
1130,811.9270701
1130.5,815.9390681
1131,810.9510307
1131.5,812.9629581
1132,805.9748503
1132.5,786.9867075
1133,785.9985298
1133.5,802.0103172
1134,802.02207
1134.5,806.0337881
1135,792.0454717
1135.5,822.0571209
1136,821.0687357
1136.5,791.0803164
1137,823.0918629
1137.5,811.1033755
1138,817.1148541
1138.5,822.1262989
1139,792.13771
1139.5,790.1490874
1140,796.1604314
1140.5,822.171742
1141,786.1830192
1141.5,784.1942632
1142,800.2054741
1142.5,786.216652
1143,798.2277969
1143.5,816.238909
1144,804.2499884
1144.5,810.2610351
1145,791.2720493
1145.5,797.2830311
1146,822.2939805
1146.5,793.3048977
1147,802.3157827
1147.5,802.3266356
1148,808.3374566
1148.5,789.3482457
1149,820.359003
1149.5,823.3697286
1150,805.3804226
1150.5,822.3910851
1151,805.4017163
1151.5,816.4123161
1152,794.4228846
1152.5,808.4334221
1153,795.4439285
1153.5,810.4544039
1154,804.4648485
1154.5,821.4752624
1155,815.4856455
1155.5,794.4959981
1156,806.5063202
1156.5,794.5166119
1157,803.5268732
1157.5,786.5371043
1158,817.5473053
1158.5,791.5574763
1159,791.5676173
1159.5,820.5777284
1160,788.5878097
1160.5,815.5978613
1161,819.6078833
1161.5,813.6178758
1162,800.6278389
1162.5,786.6377726
1163,802.6476771
1163.5,783.6575523
1164,812.6673985
1164.5,810.6772157
1165,820.687004
1165.5,820.6967634
1166,789.7064941
1166.5,812.7161961
1167,795.7258695
1167.5,789.7355145
1168,823.745131
1168.5,793.7547192
1169,817.7642792
1169.5,805.773811
1170,823.7833147
1170.5,805.7927904
1171,809.8022382
1171.5,798.8116582
1172,814.8210505
1172.5,799.830415
1173,815.839752
1173.5,784.8490615
1174,805.8583435
1174.5,789.8675983
1175,805.8768257
1175.5,791.886026
1176,785.8951991
1176.5,783.9043453
1177,784.9134645
1177.5,788.9225568
1178,807.9316224
1178.5,818.9406612
1179,803.9496735
1179.5,812.9586592
1180,796.9676184
1180.5,822.9765512
1181,786.9854577
1181.5,796.994338
1182,824.0031921
1182.5,826.0120201
1183,802.0208221
1183.5,796.0295982
1184,800.0383485
1184.5,826.0470729
1185,806.0557717
1185.5,808.0644448
1186,808.0730924
1186.5,787.0817145
1187,790.0903113
1187.5,825.0988827
1188,801.1074288
1188.5,824.1159498
1189,796.1244457
1189.5,808.1329165
1190,817.1413624
1190.5,811.1497834
1191,793.1581796
1191.5,789.1665511
1192,805.1748979
1192.5,812.1832201
1193,791.1915178
1193.5,806.1997911
1194,815.20804
1194.5,809.2162646
1195,824.224465
1195.5,815.2326412
1196,822.2407933
1196.5,805.2489214
1197,805.2570256
1197.5,809.2651059
1198,784.2731624
1198.5,816.2811952
1199,795.2892043
1199.5,809.2971898
1200,819.3051518
